<annotation>
	<folder>VOC2007</folder>
	<filename>000093.jpg</filename>
	<source>
		<database>The VOC2007 Database</database>
		<annotation>PASCAL VOC2007</annotation>
		<image>flickr</image>
		<flickrid>341178645</flickrid>
	</source>
	<owner>
		<flickrid>mgewalden</flickrid>
		<name>Matthew Walden</name>
	</owner>
	<size>
		<width>500</width>
		<height>339</height>
		<depth>3</depth>
	</size>
	<segmented>0</segmented>
	<object>
		<name>dog</name>
		<pose>Unspecified</pose>
		<truncated>0</truncated>
		<difficult>0</difficult>
		<bndbox>
			<xmin>175</xmin>
			<ymin>125</ymin>
			<xmax>344</xmax>
			<ymax>254</ymax>
		</bndbox>
	</object>
	<object>
		<name>chair</name>
		<pose>Unspecified</pose>
		<truncated>1</truncated>
		<difficult>0</difficult>
		<bndbox>
			<xmin>53</xmin>
			<ymin>3</ymin>
			<xmax>500</xmax>
			<ymax>338</ymax>
		</bndbox>
	</object>
</annotation>
