<annotation>
	<folder>VOC2007</folder>
	<filename>000065.jpg</filename>
	<source>
		<database>The VOC2007 Database</database>
		<annotation>PASCAL VOC2007</annotation>
		<image>flickr</image>
		<flickrid>296334973</flickrid>
	</source>
	<owner>
		<flickrid>niklovegittins</flickrid>
		<name>?</name>
	</owner>
	<size>
		<width>500</width>
		<height>335</height>
		<depth>3</depth>
	</size>
	<segmented>0</segmented>
	<object>
		<name>dog</name>
		<pose>Right</pose>
		<truncated>1</truncated>
		<difficult>0</difficult>
		<bndbox>
			<xmin>2</xmin>
			<ymin>104</ymin>
			<xmax>398</xmax>
			<ymax>334</ymax>
		</bndbox>
	</object>
</annotation>
