<annotation>
	<folder>VOC2007</folder>
	<filename>000070.jpg</filename>
	<source>
		<database>The VOC2007 Database</database>
		<annotation>PASCAL VOC2007</annotation>
		<image>flickr</image>
		<flickrid>338686858</flickrid>
	</source>
	<owner>
		<flickrid>jakeandrana</flickrid>
		<name>Jake and Rana Olson</name>
	</owner>
	<size>
		<width>500</width>
		<height>375</height>
		<depth>3</depth>
	</size>
	<segmented>0</segmented>
	<object>
		<name>pottedplant</name>
		<pose>Unspecified</pose>
		<truncated>0</truncated>
		<difficult>0</difficult>
		<bndbox>
			<xmin>358</xmin>
			<ymin>163</ymin>
			<xmax>378</xmax>
			<ymax>197</ymax>
		</bndbox>
	</object>
	<object>
		<name>pottedplant</name>
		<pose>Unspecified</pose>
		<truncated>0</truncated>
		<difficult>1</difficult>
		<bndbox>
			<xmin>313</xmin>
			<ymin>156</ymin>
			<xmax>358</xmax>
			<ymax>198</ymax>
		</bndbox>
	</object>
</annotation>
