<annotation>
	<folder>VOC2007</folder>
	<filename>000039.jpg</filename>
	<source>
		<database>The VOC2007 Database</database>
		<annotation>PASCAL VOC2007</annotation>
		<image>flickr</image>
		<flickrid>198460050</flickrid>
	</source>
	<owner>
		<flickrid>Matthew Martin</flickrid>
		<name>Matthew Martin</name>
	</owner>
	<size>
		<width>500</width>
		<height>375</height>
		<depth>3</depth>
	</size>
	<segmented>1</segmented>
	<object>
		<name>tvmonitor</name>
		<pose>Frontal</pose>
		<truncated>0</truncated>
		<difficult>0</difficult>
		<bndbox>
			<xmin>156</xmin>
			<ymin>89</ymin>
			<xmax>344</xmax>
			<ymax>279</ymax>
		</bndbox>
	</object>
</annotation>
