<annotation>
	<folder>VOC2007</folder>
	<filename>000099.jpg</filename>
	<source>
		<database>The VOC2007 Database</database>
		<annotation>PASCAL VOC2007</annotation>
		<image>flickr</image>
		<flickrid>300995069</flickrid>
	</source>
	<owner>
		<flickrid>gaymay</flickrid>
		<name>James</name>
	</owner>
	<size>
		<width>500</width>
		<height>375</height>
		<depth>3</depth>
	</size>
	<segmented>0</segmented>
	<object>
		<name>cat</name>
		<pose>Unspecified</pose>
		<truncated>0</truncated>
		<difficult>0</difficult>
		<bndbox>
			<xmin>4</xmin>
			<ymin>77</ymin>
			<xmax>320</xmax>
			<ymax>252</ymax>
		</bndbox>
	</object>
</annotation>
