<annotation>
	<folder>VOC2007</folder>
	<filename>000061.jpg</filename>
	<source>
		<database>The VOC2007 Database</database>
		<annotation>PASCAL VOC2007</annotation>
		<image>flickr</image>
		<flickrid>334897406</flickrid>
	</source>
	<owner>
		<flickrid>nyoka1955</flickrid>
		<name>Ron Williams</name>
	</owner>
	<size>
		<width>500</width>
		<height>333</height>
		<depth>3</depth>
	</size>
	<segmented>1</segmented>
	<object>
		<name>boat</name>
		<pose>Unspecified</pose>
		<truncated>0</truncated>
		<difficult>0</difficult>
		<bndbox>
			<xmin>274</xmin>
			<ymin>11</ymin>
			<xmax>437</xmax>
			<ymax>279</ymax>
		</bndbox>
	</object>
	<object>
		<name>boat</name>
		<pose>Frontal</pose>
		<truncated>0</truncated>
		<difficult>0</difficult>
		<bndbox>
			<xmin>184</xmin>
			<ymin>214</ymin>
			<xmax>281</xmax>
			<ymax>252</ymax>
		</bndbox>
	</object>
</annotation>
