<annotation>
	<folder>VOC2007</folder>
	<filename>000118.jpg</filename>
	<source>
		<database>The VOC2007 Database</database>
		<annotation>PASCAL VOC2007</annotation>
		<image>flickr</image>
		<flickrid>321136017</flickrid>
	</source>
	<owner>
		<flickrid>mishkali</flickrid>
		<name>Krissy</name>
	</owner>
	<size>
		<width>500</width>
		<height>375</height>
		<depth>3</depth>
	</size>
	<segmented>0</segmented>
	<object>
		<name>cat</name>
		<pose>Rear</pose>
		<truncated>0</truncated>
		<difficult>0</difficult>
		<bndbox>
			<xmin>164</xmin>
			<ymin>97</ymin>
			<xmax>281</xmax>
			<ymax>375</ymax>
		</bndbox>
	</object>
</annotation>
