<annotation>
	<folder>VOC2007</folder>
	<filename>000146.jpg</filename>
	<source>
		<database>The VOC2007 Database</database>
		<annotation>PASCAL VOC2007</annotation>
		<image>flickr</image>
		<flickrid>337085138</flickrid>
	</source>
	<owner>
		<flickrid>sridgway</flickrid>
		<name>Stephan Ridgway</name>
	</owner>
	<size>
		<width>374</width>
		<height>500</height>
		<depth>3</depth>
	</size>
	<segmented>0</segmented>
	<object>
		<name>person</name>
		<pose>Frontal</pose>
		<truncated>0</truncated>
		<difficult>0</difficult>
		<bndbox>
			<xmin>155</xmin>
			<ymin>208</ymin>
			<xmax>252</xmax>
			<ymax>408</ymax>
		</bndbox>
	</object>
</annotation>
