<annotation>
	<folder>VOC2007</folder>
	<filename>000109.jpg</filename>
	<source>
		<database>The VOC2007 Database</database>
		<annotation>PASCAL VOC2007</annotation>
		<image>flickr</image>
		<flickrid>322812866</flickrid>
	</source>
	<owner>
		<flickrid>nebarnix</flickrid>
		<name>Jasper Nance</name>
	</owner>
	<size>
		<width>500</width>
		<height>254</height>
		<depth>3</depth>
	</size>
	<segmented>0</segmented>
	<object>
		<name>bird</name>
		<pose>Right</pose>
		<truncated>0</truncated>
		<difficult>0</difficult>
		<bndbox>
			<xmin>17</xmin>
			<ymin>12</ymin>
			<xmax>482</xmax>
			<ymax>235</ymax>
		</bndbox>
	</object>
</annotation>
