<annotation>
	<folder>VOC2007</folder>
	<filename>000113.jpg</filename>
	<source>
		<database>The VOC2007 Database</database>
		<annotation>PASCAL VOC2007</annotation>
		<image>flickr</image>
		<flickrid>325319398</flickrid>
	</source>
	<owner>
		<flickrid>Blunkett</flickrid>
		<name>Mike Bradfield</name>
	</owner>
	<size>
		<width>500</width>
		<height>332</height>
		<depth>3</depth>
	</size>
	<segmented>0</segmented>
	<object>
		<name>person</name>
		<pose>Unspecified</pose>
		<truncated>0</truncated>
		<difficult>0</difficult>
		<bndbox>
			<xmin>277</xmin>
			<ymin>101</ymin>
			<xmax>354</xmax>
			<ymax>260</ymax>
		</bndbox>
	</object>
</annotation>
