<annotation>
	<folder>VOC2007</folder>
	<filename>000121.jpg</filename>
	<source>
		<database>The VOC2007 Database</database>
		<annotation>PASCAL VOC2007</annotation>
		<image>flickr</image>
		<flickrid>48679958</flickrid>
	</source>
	<owner>
		<flickrid>Trovster</flickrid>
		<name>Trevor Morris</name>
	</owner>
	<size>
		<width>500</width>
		<height>375</height>
		<depth>3</depth>
	</size>
	<segmented>1</segmented>
	<object>
		<name>tvmonitor</name>
		<pose>Frontal</pose>
		<truncated>0</truncated>
		<difficult>0</difficult>
		<bndbox>
			<xmin>251</xmin>
			<ymin>28</ymin>
			<xmax>475</xmax>
			<ymax>267</ymax>
		</bndbox>
	</object>
	<object>
		<name>tvmonitor</name>
		<pose>Frontal</pose>
		<truncated>0</truncated>
		<difficult>0</difficult>
		<bndbox>
			<xmin>22</xmin>
			<ymin>28</ymin>
			<xmax>251</xmax>
			<ymax>273</ymax>
		</bndbox>
	</object>
</annotation>
